Sensor ID,Date,o2,co2,temp,label,fruit
110,2023-12-21 00:00:00,20.92207130575932,-0.0424465125089232,0.8342587376059514,Normal,cherry
110,2023-12-21 01:00:00,21.28589451457648,0.3015023710852697,0.7152703096804112,Normal,cherry
110,2023-12-21 02:00:00,21.07715319842457,0.23047087681654,0.3700562619408052,Normal,cherry
110,2023-12-21 03:00:00,20.92809429401166,0.1215238299378937,0.3093474428535869,Normal,cherry
110,2023-12-21 04:00:00,20.902566704086297,-0.0165396414748137,0.3905558322296768,Normal,cherry
110,2023-12-21 05:00:00,20.7031040046116,0.2708370251987028,0.0045510909130085,Normal,cherry
110,2023-12-21 06:00:00,20.863049764414683,0.0339929538166635,0.1938178538701873,Normal,cherry
110,2023-12-21 07:00:00,21.10959760271077,0.4775424253483614,-0.0119849600156425,Normal,cherry
110,2023-12-21 08:00:00,21.00707367531588,0.2725731277200297,-0.1187672653308593,Normal,cherry
110,2023-12-21 09:00:00,21.06743941872913,-0.1103566670899947,-0.1715259483685046,Normal,cherry
110,2023-12-21 10:00:00,20.850474208840232,0.0342459735488435,-0.4764192003635665,Normal,cherry
110,2023-12-21 11:00:00,20.81238102661088,-0.0879351999037768,-0.3105174130683643,Normal,cherry
110,2023-12-21 12:00:00,21.04338186538272,0.2474670684810834,-0.2370780759423557,Normal,cherry
110,2023-12-21 13:00:00,21.13061759741084,0.0980239367389145,-0.1773721829664337,Normal,cherry
110,2023-12-21 14:00:00,21.10350195466462,0.1836177894926134,-0.030083832003625,Normal,cherry
110,2023-12-21 15:00:00,20.91102876261927,0.3110011232875803,-0.0512532812216288,Normal,cherry
110,2023-12-21 16:00:00,20.882472788139747,0.3571219826026303,1.395814189796012,Normal,cherry
110,2023-12-21 17:00:00,20.85044708992893,0.1707073254186983,4.119405182647457,Normal,cherry
110,2023-12-21 18:00:00,21.1738917657464,0.1713092863463278,0.903831767039748,Normal,cherry
110,2023-12-21 19:00:00,21.02391814884991,0.3253643225463546,1.557722412271245,Normal,cherry
110,2023-12-21 20:00:00,21.120818022673152,0.265201146779485,-2.09828563414592,Normal,cherry
110,2023-12-21 21:00:00,21.106577272724348,0.4381708262516725,-2.689496754901885,Normal,cherry
110,2023-12-21 22:00:00,21.01823651406121,-0.0245445365622632,-2.5530632714308417,Normal,cherry
110,2023-12-21 23:00:00,21.133864868473232,0.1403012869952868,-2.886452344980168,Normal,cherry
110,2023-12-22 00:00:00,21.110879160838863,0.2345837956826025,-2.5158456763834187,Normal,cherry
110,2023-12-22 01:00:00,21.32792488975337,0.1726064653193111,-2.741692501094413,Normal,cherry
110,2023-12-22 02:00:00,21.399898718954702,0.0530341950848219,-2.751191795457538,Normal,cherry
110,2023-12-22 03:00:00,21.194420122019626,0.1524089030319897,-1.7820235511628582,Normal,cherry
110,2023-12-22 04:00:00,21.00167354003985,0.2281589294882158,-2.9955793004324827,Normal,cherry
110,2023-12-22 05:00:00,21.000234421297936,0.2150932053116679,-2.6953085750539016,Normal,cherry
110,2023-12-22 06:00:00,20.8640968866416,0.1909767399519411,-2.614022737378796,Normal,cherry
110,2023-12-22 07:00:00,20.820150145182268,0.4214910576584496,-2.3055937822295403,Normal,cherry
110,2023-12-22 08:00:00,21.094212035798552,0.1936050681385162,-2.521983083513484,Normal,cherry
110,2023-12-22 09:00:00,21.17758086459356,-0.0516272166356239,-2.755363145943467,Normal,cherry
110,2023-12-22 10:00:00,21.202881854778248,0.587503079501573,-1.8534615929732217,Normal,cherry
110,2023-12-22 11:00:00,20.84973739545313,0.4931323649178439,2.887047022123196,Normal,cherry
110,2023-12-22 12:00:00,20.87850286295697,0.3931867914000441,1.3254843436850945,Normal,cherry
110,2023-12-22 13:00:00,21.13601621976778,0.4203428952096765,-0.2763262671623284,Normal,cherry
110,2023-12-22 14:00:00,20.668353300620904,0.7501937362527447,-0.7365610986553549,Normal,cherry
110,2023-12-22 15:00:00,20.97852800258553,0.495311291467269,-1.0165961978944833,Normal,cherry
110,2023-12-22 16:00:00,20.565328638295085,0.5897842927563702,-1.3359829081860335,Normal,cherry
110,2023-12-22 17:00:00,20.49978993026687,0.6943752683276921,-1.874181251804148,Normal,cherry
110,2023-12-22 18:00:00,20.350666525554487,0.5768740479649912,-1.464056645941146,Normal,cherry
110,2023-12-22 19:00:00,20.388171393502816,0.7322136529267979,-1.0809287212936245,Normal,cherry
110,2023-12-22 20:00:00,20.23060592433232,0.8800974616440426,-1.625076072305153,Normal,cherry
110,2023-12-22 21:00:00,20.47218687225448,1.004611982989822,-1.6494565964372232,Normal,cherry
110,2023-12-22 22:00:00,20.19958702349516,1.155966955433501,-1.7662641513576929,Normal,cherry
110,2023-12-22 23:00:00,19.878667162301067,1.0887144454330226,-1.630839650533613,Normal,cherry
110,2023-12-23 00:00:00,19.77271845433745,0.8714231356061315,-1.8128895572935035,Normal,cherry
110,2023-12-23 01:00:00,19.88668733636996,0.8068871343540462,-1.961266189765736,Normal,cherry
110,2023-12-23 02:00:00,19.48357927998327,1.3464491488002457,-1.9478295726552384,Normal,cherry
110,2023-12-23 03:00:00,19.48741440362828,1.254194926535294,-1.909974644614251,Normal,cherry
110,2023-12-23 04:00:00,19.47965625291776,1.3320119645074524,-1.9825158552496016,Normal,cherry
110,2023-12-23 05:00:00,19.323222143436187,1.4320981004357678,-1.8857368987825749,Normal,cherry
110,2023-12-23 06:00:00,19.55898194087737,1.677291671381707,-1.681697883812689,Normal,cherry
110,2023-12-23 07:00:00,19.20174528143585,1.6985879389502905,-2.0309421531831555,Normal,cherry
110,2023-12-23 08:00:00,19.630048502489657,1.8320018848180752,-1.6435516890200597,Normal,cherry
110,2023-12-23 09:00:00,19.448860566646413,1.2168962964522634,-1.8482340715450245,Normal,cherry
110,2023-12-23 10:00:00,19.191886715178,1.544106984378337,-1.9543616918755164,Normal,cherry
110,2023-12-23 11:00:00,18.889945906030675,1.6291323884467912,-1.5753485492225492,Normal,cherry
110,2023-12-23 12:00:00,19.00238212984666,1.3137257859749298,-1.8612924067283028,Normal,cherry
110,2023-12-23 13:00:00,19.210477743635224,1.7339029111004196,-1.8065335613244569,Normal,cherry
110,2023-12-23 14:00:00,19.03851538930806,1.8540353968595,-1.6288601216820748,Normal,cherry
110,2023-12-23 15:00:00,18.93439693869792,1.6805813705962418,-1.8660063606174724,Normal,cherry
110,2023-12-23 16:00:00,18.828073576425872,1.7534045147046222,-1.8321810357445725,Normal,cherry
110,2023-12-23 17:00:00,18.63868894168982,1.848804826040617,-1.842113323535006,Normal,cherry
110,2023-12-23 18:00:00,18.523440923275928,2.1521703705510804,-1.9272642344637687,Normal,cherry
110,2023-12-23 19:00:00,18.69072267782904,1.883393084331484,-1.468091799699526,Normal,cherry
110,2023-12-23 20:00:00,18.61626904962166,1.755896362900287,-2.043195752744276,Normal,cherry
110,2023-12-23 21:00:00,18.49235859333698,1.7042581366355205,-1.7591766062159264,Normal,cherry
110,2023-12-23 22:00:00,18.44344215742697,1.815354988322484,-1.6594005673571917,Normal,cherry
110,2023-12-23 23:00:00,18.249768689596152,2.0270885765613684,-1.863095726185804,Normal,cherry
110,2023-12-24 00:00:00,18.60310791320488,2.212110590047429,-1.8063715129855296,Normal,cherry
110,2023-12-24 01:00:00,18.329854662374217,2.066375771234213,-1.757288027344109,Normal,cherry
110,2023-12-24 02:00:00,18.12420880110952,2.155284993849345,-1.9149411873188336,Normal,cherry
110,2023-12-24 03:00:00,17.95604803117787,2.1668342969203627,-1.803681460612874,Normal,cherry
110,2023-12-24 04:00:00,18.20434686143697,2.161784785541516,-1.198609303027996,Normal,cherry
110,2023-12-24 05:00:00,18.1994760196876,2.220718825615033,-1.7955319130021716,Normal,cherry
110,2023-12-24 06:00:00,18.0488320185732,2.2502051007197266,-1.5802839361158048,Normal,cherry
110,2023-12-24 07:00:00,18.040581333241825,2.159563600007768,-1.826912499527976,Normal,cherry
110,2023-12-24 08:00:00,17.869429559730023,2.263348610834611,-1.769117517949108,Normal,cherry
110,2023-12-24 09:00:00,17.342726781168714,2.13635679441284,-1.4154327244049296,Normal,cherry
110,2023-12-24 10:00:00,17.865889399087425,2.249572171559964,-1.794354490993959,Normal,cherry
110,2023-12-24 11:00:00,17.76637915587258,2.507026374866833,-2.076189388716412,Normal,cherry
110,2023-12-24 12:00:00,17.637341295957086,2.2400069224250863,-2.0971451902063665,Normal,cherry
110,2023-12-24 13:00:00,17.840468405368927,2.434633818742169,-1.929633352718264,Normal,cherry
110,2023-12-24 14:00:00,17.574913301248166,2.180678211356517,-2.0032487163171697,Normal,cherry
110,2023-12-24 15:00:00,17.571547609693457,2.641146587207484,-1.9965321190980647,Normal,cherry
110,2023-12-24 16:00:00,17.694013188437424,2.2538213954191315,-1.837085902662435,Normal,cherry
110,2023-12-24 17:00:00,17.371164084850555,2.626741919962919,-1.6229641093272569,Normal,cherry
110,2023-12-24 18:00:00,17.67373909330552,2.5183751578929856,-1.983727506586016,Normal,cherry
110,2023-12-24 19:00:00,17.495215667502276,2.577618726819097,-1.3760793881867257,Normal,cherry
110,2023-12-24 20:00:00,17.141923212050486,2.4077649917087847,-1.632712510912449,Normal,cherry
110,2023-12-24 21:00:00,17.353339981174123,2.8475816018949587,-1.7797261016571817,Normal,cherry
110,2023-12-24 22:00:00,17.56568071269233,2.6864609257345498,-1.653865771132816,Normal,cherry
110,2023-12-24 23:00:00,17.28013523870373,2.4122114385300417,-1.8130081702452336,Normal,cherry
110,2023-12-25 00:00:00,17.066782747241223,2.628024942506197,-1.758103291626184,Normal,cherry
110,2023-12-25 01:00:00,17.178504817482015,2.438306072977414,-1.9748585766627595,Normal,cherry
110,2023-12-25 02:00:00,17.305331977852603,2.6903682754412883,-1.763747176042694,Normal,cherry
110,2023-12-25 03:00:00,17.28999714835771,2.6500907647500127,-1.7819430881819296,Normal,cherry
110,2023-12-25 04:00:00,17.179556760106482,2.6523521367620617,-1.7209464489481756,Normal,cherry
110,2023-12-25 05:00:00,17.39292107623803,2.902612648515842,-1.8871479664582185,Normal,cherry
110,2023-12-25 06:00:00,16.97334820395111,2.7703042356069205,-1.9354846973548605,Normal,cherry
110,2023-12-25 07:00:00,16.976138252835106,2.654438252307256,-1.7549822827914316,Normal,cherry
110,2023-12-25 08:00:00,17.192628556857553,2.770080159175355,-2.019402035287803,Normal,cherry
110,2023-12-25 09:00:00,16.650469387866025,2.9619879908697144,-1.5407345992844903,Normal,cherry
110,2023-12-25 10:00:00,16.724975346573242,2.795036160996098,-2.07777982815882,Normal,cherry
110,2023-12-25 11:00:00,16.66066210216672,2.598696863574818,-1.8068540765919523,Normal,cherry
110,2023-12-25 12:00:00,16.804214043538323,2.6756030471323893,-1.82888049442552,Normal,cherry
110,2023-12-25 13:00:00,16.63289456014382,2.821762510629473,-1.937129583619907,Normal,cherry
110,2023-12-25 14:00:00,16.854404430479782,2.965672214934213,-1.9527908376890573,Normal,cherry
110,2023-12-25 15:00:00,16.580141780664274,2.562585263063336,-2.146891660414093,Normal,cherry
110,2023-12-25 16:00:00,16.687813840831364,2.9397693921701427,-1.8508849004827423,Normal,cherry
110,2023-12-25 17:00:00,16.58590873738567,2.7277145900648097,-1.7240157093685544,Normal,cherry
110,2023-12-25 18:00:00,16.67986951050111,2.7687615981454483,-1.6118376418764222,Normal,cherry
110,2023-12-25 19:00:00,16.84614090162313,3.040878453719145,-1.9225864055873203,Normal,cherry
110,2023-12-25 20:00:00,16.507783848406905,2.6299545302564664,-1.4369912146849213,Normal,cherry
110,2023-12-25 21:00:00,16.42894744423127,2.923227950219981,-1.8664257308779235,Normal,cherry
110,2023-12-25 22:00:00,16.121171287577386,2.9161363418204247,-1.9520342835459663,Normal,cherry
110,2023-12-25 23:00:00,16.38703000336775,2.891145165427137,-1.879055807720616,Normal,cherry
110,2023-12-26 00:00:00,16.577478356934922,3.2525985205132986,-1.7826495105280282,Normal,cherry
110,2023-12-26 01:00:00,16.445486741859558,2.9657689452540805,-1.6831973113063752,Normal,cherry
110,2023-12-26 02:00:00,16.467937736198476,3.2387188444995307,-1.6791774648224853,Normal,cherry
110,2023-12-26 03:00:00,16.25989884267866,2.947642363938056,-1.818412953322544,Normal,cherry
110,2023-12-26 04:00:00,16.254391695217826,2.8370095303852434,-1.5844897461347272,Normal,cherry
110,2023-12-26 05:00:00,16.02250075596573,2.8348148295905227,-1.821100295061202,Normal,cherry
110,2023-12-26 06:00:00,16.648453737555172,3.144216849331176,-1.90183620961134,Normal,cherry
110,2023-12-26 07:00:00,15.937476190369717,2.91014528694203,-1.777907152563065,Normal,cherry
110,2023-12-26 08:00:00,16.26241295425407,2.8872061154980013,-1.3250114866195075,Normal,cherry
110,2023-12-26 09:00:00,16.026444707356706,3.1502548846958867,-1.835140188312116,Normal,cherry
110,2023-12-26 10:00:00,15.658550297636024,3.2279385530663056,-1.991528328808677,Normal,cherry
110,2023-12-26 11:00:00,16.123493396410645,3.1877454424284,-2.0630545521137926,Normal,cherry
110,2023-12-26 12:00:00,16.03529664850211,3.231326528309481,-1.7786377762868169,Normal,cherry
110,2023-12-26 13:00:00,15.98025150419416,3.087796961803273,-1.9524790779130743,Normal,cherry
110,2023-12-26 14:00:00,15.909350842942215,3.010626311409815,-2.066673902014337,Normal,cherry
110,2023-12-26 15:00:00,16.036439432866246,3.3394127641394453,-1.733097881138168,Normal,cherry
110,2023-12-26 16:00:00,15.666418677493716,3.388110400974235,-1.3396166891035992,Normal,cherry
110,2023-12-26 17:00:00,16.06049297469715,3.098296331209698,-1.707357933770872,Normal,cherry
110,2023-12-26 18:00:00,15.898119134447308,2.937439839013792,-1.4319284161246484,Normal,cherry
110,2023-12-26 19:00:00,15.86864175979006,2.9135882343380155,-1.872468909028282,Normal,cherry
110,2023-12-26 20:00:00,15.552256752183146,3.154883935796063,-2.259763083952941,Normal,cherry
110,2023-12-26 21:00:00,15.56909656086468,3.695522434663852,-1.7758698466386778,Normal,cherry
110,2023-12-26 22:00:00,15.923703742574432,3.276533805986364,-1.694846203352162,Normal,cherry
110,2023-12-26 23:00:00,15.873642305668453,3.182937991552988,-1.6371900751675263,Normal,cherry
110,2023-12-27 00:00:00,15.69581527920767,3.382226466094568,-1.4015772783755376,Normal,cherry
110,2023-12-27 01:00:00,15.86996367590116,3.379881355565288,-1.6129652511003596,Normal,cherry
110,2023-12-27 02:00:00,15.636377232304367,3.227829620206285,-2.01495793369155,Normal,cherry
110,2023-12-27 03:00:00,15.613551044875871,3.4370155752088203,-1.809247575866052,Normal,cherry
110,2023-12-27 04:00:00,15.92972097276897,3.22174248259574,-1.9709397084166136,Normal,cherry
110,2023-12-27 05:00:00,15.779269770791329,3.238221762335324,-2.1613136507551216,Normal,cherry
110,2023-12-27 06:00:00,15.896476630481372,3.440950279764714,-1.5684941813795776,Normal,cherry
110,2023-12-27 07:00:00,15.8493978951659,3.399704285435333,-1.5587176155075566,Normal,cherry
110,2023-12-27 08:00:00,15.486994475411898,3.6975598573911874,-1.5484721744754566,Normal,cherry
110,2023-12-27 09:00:00,15.509208127792991,3.543077649774736,-1.9365713825445403,Normal,cherry
110,2023-12-27 10:00:00,15.628365681087514,3.288215702619376,-1.778336229783124,Normal,cherry
110,2023-12-27 11:00:00,15.468560311593608,3.5830242304491384,-1.93466106744886,Normal,cherry
110,2023-12-27 12:00:00,15.56576836182179,3.2633925001816384,-1.7516336815344116,Normal,cherry
110,2023-12-27 13:00:00,15.43528273319277,3.5079634713435963,-2.013860183088133,Normal,cherry
110,2023-12-27 14:00:00,15.684414292765304,3.4185120517118275,-1.7673965885874934,Normal,cherry
110,2023-12-27 15:00:00,15.33473017550316,3.469589444102542,-2.002428520196061,Normal,cherry
110,2023-12-27 16:00:00,15.738258693348357,3.529461388768753,-1.4396685052175675,Normal,cherry
110,2023-12-27 17:00:00,15.788994607224495,3.588082546059672,-1.5139314161472537,Normal,cherry
110,2023-12-27 18:00:00,15.482618501959488,3.620457626894357,-1.850631874135344,Normal,cherry
110,2023-12-27 19:00:00,15.4275665775185,3.8151902939795415,-1.782152964901322,Normal,cherry
110,2023-12-27 20:00:00,15.47916853282527,3.299756612695871,-1.9890962305089643,Normal,cherry
110,2023-12-27 21:00:00,15.340540332229722,3.552814087337038,-1.8752385433696803,Normal,cherry
110,2023-12-27 22:00:00,15.424295743207834,3.532078027335214,-1.9439890136956897,Normal,cherry
110,2023-12-27 23:00:00,15.24614797225026,3.471118179464701,-1.97937540709085,Normal,cherry
110,2023-12-28 00:00:00,15.310801038395226,3.4335429122295658,-1.8680214003264315,Normal,cherry
110,2023-12-28 01:00:00,15.343137792202482,3.247685658475173,-1.9099116829240088,Normal,cherry
110,2023-12-28 02:00:00,15.224689948910491,3.522953545206447,-1.9582502562333093,Normal,cherry
110,2023-12-28 03:00:00,15.405016026247688,3.4132680624163663,-1.7178347310518007,Normal,cherry
110,2023-12-28 04:00:00,15.543210815924947,3.6208860064368698,-2.009239272904241,Normal,cherry
110,2023-12-28 05:00:00,15.362700681915191,3.682753387844756,-2.0381850399517423,Normal,cherry
110,2023-12-28 06:00:00,15.266927485465883,3.742100268541694,-1.7341669818672154,Normal,cherry
110,2023-12-28 07:00:00,15.430369548341712,3.8684664189411824,-2.069012721659849,Normal,cherry
110,2023-12-28 08:00:00,15.363335773462728,3.7154143652031615,-1.2399528148311076,Normal,cherry
110,2023-12-28 09:00:00,15.102355377760128,3.3471664762996807,-2.1750178673326093,Normal,cherry
110,2023-12-28 10:00:00,15.152283227950186,3.64218908878304,-2.081636316712954,Normal,cherry
110,2023-12-28 11:00:00,15.32869846375906,3.547038879144728,-1.8646889956217825,Normal,cherry
110,2023-12-28 12:00:00,15.085991522476789,3.71209817669406,-1.7599566222259853,Normal,cherry
110,2023-12-28 13:00:00,15.471214609919263,3.6652651497687367,-1.589794384660256,Normal,cherry
110,2023-12-28 14:00:00,15.449454961306143,3.296426035036017,-1.86068710097877,Normal,cherry
110,2023-12-28 15:00:00,15.030956745991444,3.564726232687739,-1.9315226082354016,Normal,cherry
110,2023-12-28 16:00:00,15.219496573048035,3.587372953904005,-1.4297295634431602,Normal,cherry
110,2023-12-28 17:00:00,15.432391796861069,3.706141717259733,-1.5986903163306987,Normal,cherry
110,2023-12-28 18:00:00,15.058458860155794,3.749761698421056,-2.2102279640365787,Normal,cherry
110,2023-12-28 19:00:00,15.07783286753608,3.7192162869114447,-1.809359932318206,Normal,cherry
110,2023-12-28 20:00:00,15.076399010808752,3.4349758847916743,-1.883492371315923,Normal,cherry
110,2023-12-28 21:00:00,15.01219698177722,3.524665760678412,-1.906090223414312,Normal,cherry
110,2023-12-28 22:00:00,15.08952075254706,3.794385087957216,-1.7657116665337276,Normal,cherry
110,2023-12-28 23:00:00,15.155789124368953,4.031758637554142,-1.59700353147541,Normal,cherry
110,2023-12-29 00:00:00,14.986062367473425,3.614819374287128,-1.5148826839629126,Normal,cherry
110,2023-12-29 01:00:00,15.00201480568332,3.723527437234589,-1.968794893595461,Normal,cherry
110,2023-12-29 02:00:00,14.95290944631646,3.905338942763728,-1.6601559345997687,Normal,cherry
110,2023-12-29 03:00:00,15.15137352676685,3.610463366729724,-1.9888597336295724,Normal,cherry
110,2023-12-29 04:00:00,15.117206039970435,3.914170276413684,-1.88402933212221,Normal,cherry
110,2023-12-29 05:00:00,14.893905671966424,3.85852311428539,-1.665910928870718,Normal,cherry
110,2023-12-29 06:00:00,15.166968613571964,4.084837680901748,-1.7610286446918892,Normal,cherry
110,2023-12-29 07:00:00,14.845104236957727,3.8386884102866174,-2.160047326614835,Normal,cherry
110,2023-12-29 08:00:00,15.17113527458208,3.795432032650364,-1.6014865287260105,Normal,cherry
110,2023-12-29 09:00:00,14.70552189651678,3.886984127557432,-0.0103955851671119,Normal,cherry
110,2023-12-29 10:00:00,15.172423142668524,3.605034334108729,0.9767124745653536,Normal,cherry
110,2023-12-29 11:00:00,15.191525857752852,3.725944296235236,-0.9349194519065952,Normal,cherry
110,2023-12-29 12:00:00,15.187384789359598,3.758452797358076,-1.0637556693637351,Normal,cherry
110,2023-12-29 13:00:00,15.069297777390666,3.909153057104002,-1.3695393451311115,Normal,cherry
110,2023-12-29 14:00:00,14.985655199508663,4.126966042313138,-1.7092439796914642,Normal,cherry
110,2023-12-29 15:00:00,15.03960723333318,3.7389920031590047,-1.3243708974609654,Normal,cherry
110,2023-12-29 16:00:00,15.167788571737717,3.6373255670676414,-1.3035134024371593,Normal,cherry
110,2023-12-29 17:00:00,14.817450543155466,3.8978074816564594,-1.51400849818383,Normal,cherry
110,2023-12-29 18:00:00,15.125696781292868,3.748664918713811,-1.2980924848979716,Normal,cherry
110,2023-12-29 19:00:00,15.180272090378642,3.799496819714985,-1.5347394931669194,Normal,cherry
110,2023-12-29 20:00:00,15.047379173036305,4.0090749343304095,-1.4930259140316855,Normal,cherry
110,2023-12-29 21:00:00,14.790608734825572,3.9389486752980334,-1.272377084677549,Normal,cherry
110,2023-12-29 22:00:00,14.97487115196902,3.935555651574957,-1.5589402829109975,Normal,cherry
110,2023-12-29 23:00:00,15.347332354530296,3.791025165843892,-1.5663314440769396,Normal,cherry
110,2023-12-30 00:00:00,15.009061277838333,3.887322038491824,-1.766534533994934,Normal,cherry
110,2023-12-30 01:00:00,15.366897338495274,3.961319838907156,-1.6114506759564908,Normal,cherry
110,2023-12-30 02:00:00,14.9306901595389,4.13462578306449,-1.5356041494562342,Normal,cherry
110,2023-12-30 03:00:00,14.93034130592547,3.825988091012269,-1.6844256410833591,Normal,cherry
110,2023-12-30 04:00:00,14.949562311983936,3.955697354767589,-1.7351736156415367,Normal,cherry
110,2023-12-30 05:00:00,15.488632352814705,4.098762320078266,-1.39636798812449,Normal,cherry
110,2023-12-30 06:00:00,15.374644020222702,4.1887730707603446,-1.5330236251539824,Normal,cherry
110,2023-12-30 07:00:00,15.11055683051712,4.022345539513467,-1.631390926546174,Normal,cherry
110,2023-12-30 08:00:00,14.543178434349796,4.349052083911071,-1.769874959115331,Normal,cherry
110,2023-12-30 09:00:00,14.812633535848311,3.689910108135287,-1.650055227389821,Normal,cherry
110,2023-12-30 10:00:00,14.988337179803011,4.009721117764471,-1.86029529269796,Normal,cherry
110,2023-12-30 11:00:00,14.813214348869616,4.034833764042528,-1.59236631146991,Normal,cherry
110,2023-12-30 12:00:00,15.23124507843935,4.101781662804467,-1.5796422799029517,Normal,cherry
110,2023-12-30 13:00:00,15.049680545021353,3.883661872417186,-1.8991509983772816,Normal,cherry
110,2023-12-30 14:00:00,15.064948380168996,4.051276470340596,-1.7541594029133185,Normal,cherry
110,2023-12-30 15:00:00,15.47656143895098,4.133227990886684,-1.6327545600829163,Normal,cherry
110,2023-12-30 16:00:00,14.791497864574692,4.133062496344069,-1.8058009607232703,Normal,cherry
110,2023-12-30 17:00:00,15.23199199106539,4.168969967248664,-1.7842870363695915,Normal,cherry
110,2023-12-30 18:00:00,14.966030322277447,3.7472664773338886,-1.4061174610713822,Normal,cherry
110,2023-12-30 19:00:00,14.715349794357332,4.244210356486662,-1.3972596381160345,Normal,cherry
110,2023-12-30 20:00:00,14.64946448038112,4.032004292008018,-2.1386231388576995,Normal,cherry
110,2023-12-30 21:00:00,15.283546279991306,4.304041030586557,-1.7137098067817418,Normal,cherry
110,2023-12-30 22:00:00,14.851511736281864,4.239887492534574,-1.715104018763606,Normal,cherry
110,2023-12-30 23:00:00,14.77365311041377,4.208946681352871,-1.814018296235148,Normal,cherry
110,2023-12-31 00:00:00,14.814963761877468,4.013957454249086,-1.8077701356073608,Normal,cherry
110,2023-12-31 01:00:00,15.01823885636246,4.154491140737741,-1.5832178516845137,Normal,cherry
110,2023-12-31 02:00:00,14.993627768225853,4.164211231369035,-1.3012918800452624,Normal,cherry
110,2023-12-31 03:00:00,14.76158866950351,4.334532030850095,-1.356244525404659,Normal,cherry
110,2023-12-31 04:00:00,14.943310947220606,4.398533334503624,-2.012145507805682,Normal,cherry
110,2023-12-31 05:00:00,14.83624151236592,4.190098626575769,-1.738764242728261,Normal,cherry
110,2023-12-31 06:00:00,14.484084044053256,4.236967231791639,-2.0125180793015964,Normal,cherry
110,2023-12-31 07:00:00,14.725600635015764,4.207403967825226,-2.151745888787961,Normal,cherry
110,2023-12-31 08:00:00,14.90159340641891,4.325684484982896,-1.7732156183027163,Normal,cherry
110,2023-12-31 09:00:00,14.838178196648668,4.257575539094998,-1.5691948759949166,Normal,cherry
110,2023-12-31 10:00:00,14.832253020967553,4.511205924239259,-1.515721809648451,Normal,cherry
110,2023-12-31 11:00:00,14.951708896360657,4.254553841627637,-1.506070580514652,Normal,cherry
110,2023-12-31 12:00:00,15.058279101117746,4.336356970028714,-1.8617942671319083,Normal,cherry
110,2023-12-31 13:00:00,15.029036976302056,4.372654789637783,-1.4592347247454611,Normal,cherry
110,2023-12-31 14:00:00,14.958410699033712,4.3092872149096575,-1.5918910408456604,Normal,cherry
110,2023-12-31 15:00:00,14.951376562245018,4.1122457013764455,-1.6983012179100716,Normal,cherry
110,2023-12-31 16:00:00,14.913906308217912,4.358679593811135,-1.8929276819517995,Normal,cherry
110,2023-12-31 17:00:00,14.988637804411312,4.395745204506313,-1.4370646410207453,Normal,cherry
110,2023-12-31 18:00:00,14.85811088655824,4.618191822184071,-1.3572921913685112,Normal,cherry
110,2023-12-31 19:00:00,14.894846910372625,4.663692196423699,-1.3580504447136972,Normal,cherry
110,2023-12-31 20:00:00,15.018227740504264,4.515453537779725,-1.457048665856185,Normal,cherry
110,2023-12-31 21:00:00,15.043801077351755,4.409537700711415,-1.7585379636357354,Normal,cherry
110,2023-12-31 22:00:00,14.647389662580087,4.336801161374137,-1.8432441643038555,Normal,cherry
110,2023-12-31 23:00:00,14.724618423944923,4.411426051511782,-1.7422212836991016,Normal,cherry
110,2024-01-01 00:00:00,14.981505217663898,4.335893304230246,-1.883023685668211,Normal,cherry
110,2024-01-01 01:00:00,14.598718729441146,4.312733211710009,-1.6683533255339271,Normal,cherry
110,2024-01-01 02:00:00,15.018130794338708,4.4632663796353125,-1.6353384790282748,Normal,cherry
110,2024-01-01 03:00:00,15.086747092020158,4.470244395496368,-1.824729934756464,Normal,cherry
110,2024-01-01 04:00:00,14.798719011557736,4.831182304618713,-2.131736177406484,Normal,cherry
110,2024-01-01 05:00:00,14.852815385781192,4.537348156708482,-1.723154458395053,Normal,cherry
110,2024-01-01 06:00:00,14.883275962693713,4.270259984288756,-1.49841597638937,Normal,cherry
110,2024-01-01 07:00:00,14.660885957742572,4.131811247416861,-1.627303150619695,Normal,cherry
110,2024-01-01 08:00:00,14.66031504902825,4.329684035848556,-1.842384556584782,Normal,cherry
110,2024-01-01 09:00:00,14.634426388922233,4.28736360967574,-1.8031999414555853,Normal,cherry
110,2024-01-01 10:00:00,14.361073994757932,4.348784325977005,-1.7851906268599216,Normal,cherry
110,2024-01-01 11:00:00,14.7409746343129,4.525749855156299,-1.479479014276686,Normal,cherry
110,2024-01-01 12:00:00,14.435878149194773,4.568037817306871,-1.660603221358078,Normal,cherry
110,2024-01-01 13:00:00,14.42093539503176,4.234670952218744,-1.9859899093026112,Normal,cherry
110,2024-01-01 14:00:00,14.6173128343044,4.403533467764533,-1.6856814798764916,Normal,cherry
110,2024-01-01 15:00:00,14.5703773398377,4.436675301183154,-1.9304253501838824,Normal,cherry
110,2024-01-01 16:00:00,14.641725428626753,4.22237230842124,-1.8719247740884728,Normal,cherry
110,2024-01-01 17:00:00,14.687650314896016,4.314355663429701,-1.847957951706448,Normal,cherry
110,2024-01-01 18:00:00,14.558739505308488,4.133042259255084,-1.7154996207500417,Normal,cherry
110,2024-01-01 19:00:00,14.679408309114386,4.2823613814764805,-1.7468382344162872,Normal,cherry
110,2024-01-01 20:00:00,14.48905851111418,4.445613565750117,-1.9403242814199488,Normal,cherry
110,2024-01-01 21:00:00,14.75759053798016,4.317866836380393,-1.9916275240270345,Normal,cherry
110,2024-01-01 22:00:00,14.664944234569765,4.361629904718133,-1.4707224615223535,Normal,cherry
110,2024-01-01 23:00:00,14.481194170395565,4.442790503135247,-1.4602784816052958,Normal,cherry
110,2024-01-02 00:00:00,14.56996784295766,4.372819356620289,-1.5029791906501488,Normal,cherry
110,2024-01-02 01:00:00,14.742204965892116,4.235414611796954,-2.0920575687983742,Normal,cherry
110,2024-01-02 02:00:00,14.841744262251938,4.460984268064307,-1.861382885055992,Normal,cherry
110,2024-01-02 03:00:00,14.665790038590286,4.426768041130698,-1.7289464057999833,Normal,cherry
110,2024-01-02 04:00:00,14.832820100832594,4.452578520143204,-1.494855503228591,Normal,cherry
110,2024-01-02 05:00:00,14.630541291401675,4.538224037109812,-1.7400843486456348,Normal,cherry
110,2024-01-02 06:00:00,14.534198535658383,4.193725732510564,-2.0932897991348907,Normal,cherry
110,2024-01-02 07:00:00,14.832372675040515,4.204373684846673,-1.542724885366917,Normal,cherry
110,2024-01-02 08:00:00,14.81782894392066,4.308736908004319,-2.055067909347017,Normal,cherry
110,2024-01-02 09:00:00,14.533511886213292,4.329527253310748,-1.7938493316161097,Normal,cherry
110,2024-01-02 10:00:00,14.55024752409612,4.467336555428078,-1.6500683056414065,Normal,cherry
110,2024-01-02 11:00:00,14.851303974407491,4.248850530052152,-1.8483739990035049,Normal,cherry
110,2024-01-02 12:00:00,14.959174603389474,4.272104464759339,-1.870929767784024,Normal,cherry
110,2024-01-02 13:00:00,14.6493749798549,4.45316132686053,-1.876827618400948,Normal,cherry
110,2024-01-02 14:00:00,14.665769308925777,4.245223605576831,-1.8308626912080632,Normal,cherry
110,2024-01-02 15:00:00,14.733503756360484,4.571716587428209,-1.9368133522862103,Normal,cherry
110,2024-01-02 16:00:00,14.706568130072515,4.544807605341489,-1.7670275382846723,Normal,cherry
110,2024-01-02 17:00:00,14.52131141117806,4.337658435976083,-1.476105341696945,Normal,cherry
110,2024-01-02 18:00:00,14.552573357577453,4.564429432845614,-2.1165778669440805,Normal,cherry
110,2024-01-02 19:00:00,14.856537648399268,4.592613170509559,-1.8170704449159785,Normal,cherry
110,2024-01-02 20:00:00,14.927531810388157,4.436985814716955,-2.038195869820568,Normal,cherry
110,2024-01-02 21:00:00,14.692298867390704,4.452538184445215,-1.7623116610356129,Normal,cherry
110,2024-01-02 22:00:00,14.453186968028874,4.755857133842404,-1.683200585236044,Normal,cherry
110,2024-01-02 23:00:00,14.860186357449557,4.791139740119613,-2.0430996008783184,Normal,cherry
110,2024-01-03 00:00:00,14.891701028322636,4.565508499790723,-1.858070892492079,Normal,cherry
110,2024-01-03 01:00:00,14.520262543614386,4.697723614601644,-1.897867493660484,Normal,cherry
110,2024-01-03 02:00:00,14.52406506312841,4.523155825455036,-1.230403788635421,Normal,cherry
110,2024-01-03 03:00:00,14.497899635670931,4.638024125054714,-1.7177182783128322,Normal,cherry
110,2024-01-03 04:00:00,14.751434782249586,4.656668001373997,-1.68502397999135,Normal,cherry
110,2024-01-03 05:00:00,14.642070538147028,4.617478670908604,-1.9832681188986605,Normal,cherry
110,2024-01-03 06:00:00,14.769429102864086,4.42477954266827,-1.7542174053508437,Normal,cherry
110,2024-01-03 07:00:00,14.392353426356252,4.834562123271094,-1.8341992814108363,Normal,cherry
110,2024-01-03 08:00:00,14.6666724810897,4.501187743891374,-1.3759750198963596,Normal,cherry
110,2024-01-03 09:00:00,14.985541731653273,4.538528568907904,-2.000166267139273,Normal,cherry
110,2024-01-03 10:00:00,14.667698515201682,4.385525958878256,-1.4858054844439226,Normal,cherry
110,2024-01-03 11:00:00,14.779177877908165,4.868786044996983,-1.5941400667625647,Normal,cherry
110,2024-01-03 12:00:00,14.696925545347844,4.78900567532956,-1.7061352629713689,Normal,cherry
110,2024-01-03 13:00:00,14.698178398479328,4.634055997293711,-1.6171130091021104,Normal,cherry
110,2024-01-03 14:00:00,14.469402367587964,4.743535317161177,-1.6953081505679608,Normal,cherry
110,2024-01-03 15:00:00,14.693025008210714,4.546878987926155,-1.7310323422624938,Normal,cherry
110,2024-01-03 16:00:00,14.704359643799398,4.62720330031753,-1.808213568795921,Normal,cherry
110,2024-01-03 17:00:00,14.439699522101954,4.582790328871624,-1.755794493115773,Normal,cherry
110,2024-01-03 18:00:00,14.399155927492204,4.357625257305224,-1.3331809260702272,Normal,cherry
110,2024-01-03 19:00:00,14.571098923366204,4.971275421235527,-1.5791564556037625,Normal,cherry
110,2024-01-03 20:00:00,14.934014804111657,4.920260561564754,-1.6425244645972914,Normal,cherry
110,2024-01-03 21:00:00,14.571733399170734,4.728399469898164,-1.977805685247576,Normal,cherry
110,2024-01-03 22:00:00,14.402786170499738,4.666999012089061,-1.8204858694273216,Normal,cherry
110,2024-01-03 23:00:00,14.55727728739728,4.637442806167889,-1.7527581198269455,Normal,cherry
110,2024-01-04 00:00:00,14.553474522356629,4.534114392720624,-1.8313368037372844,Normal,cherry
110,2024-01-04 01:00:00,14.607599072581865,4.675164111315261,-1.8218148550896969,Normal,cherry
110,2024-01-04 02:00:00,14.067228972561844,4.5839012650690885,-1.5045167431835471,Normal,cherry
110,2024-01-04 03:00:00,14.621176438423069,4.65571630493941,-1.3350805711577658,Normal,cherry
110,2024-01-04 04:00:00,14.531590884131592,4.765883038630485,-1.6102647174961964,Normal,cherry
110,2024-01-04 05:00:00,14.692021220969812,4.748154203779401,-1.5916860816793328,Normal,cherry
110,2024-01-04 06:00:00,14.458448473802708,4.770721981420835,-1.876044300244213,Normal,cherry
110,2024-01-04 07:00:00,14.484920499355056,4.736321092488378,-1.803458321158446,Normal,cherry
110,2024-01-04 08:00:00,14.377517964324404,4.951806050072806,-1.7232201896221695,Normal,cherry
110,2024-01-04 09:00:00,14.35647082873985,4.76418525020228,-2.067805359139772,Normal,cherry
110,2024-01-04 10:00:00,14.21817886945101,4.634608344790284,-1.826662647558281,Normal,cherry
110,2024-01-04 11:00:00,14.431517086231146,4.925781488372075,-1.93336700980848,Normal,cherry
110,2024-01-04 12:00:00,14.304341031645183,4.706314961625669,-1.8410481694471872,Normal,cherry
110,2024-01-04 13:00:00,14.316180501049704,4.991158212181063,-1.5474040114035967,Normal,cherry
110,2024-01-04 14:00:00,14.4916266179065,4.757728899480897,-1.396536292075805,Normal,cherry
110,2024-01-04 15:00:00,14.315543901010791,4.880769873726589,-1.591021186709386,Normal,cherry
110,2024-01-04 16:00:00,14.619992084452372,4.974556283581062,-1.5398774871630083,Normal,cherry
110,2024-01-04 17:00:00,14.50643387240192,4.944934851055042,-1.8714498634407648,Normal,cherry
110,2024-01-04 18:00:00,14.524061649393571,5.041110815126324,-1.922378206836385,Normal,cherry
110,2024-01-04 19:00:00,14.21545757531286,4.966195830623279,-1.5534128366158857,Normal,cherry
110,2024-01-04 20:00:00,14.35849536369377,4.9302888696054925,-1.6824258132313488,Normal,cherry
110,2024-01-04 21:00:00,14.459103497928918,4.62843693832359,-1.8333308943920847,Normal,cherry
110,2024-01-04 22:00:00,14.446423057281068,4.78979779176708,-1.6852415070022002,Normal,cherry
110,2024-01-04 23:00:00,14.500991861970965,4.837793061613655,-1.8425596715356083,Normal,cherry
110,2024-01-05 00:00:00,14.437762342668268,4.694476429578088,-1.7736930276229466,"Low CO2,Condensation (O2)",cherry
110,2024-01-05 01:00:00,14.417022852777626,4.86554303468206,-1.6627523684875596,"Low CO2,Condensation (O2)",cherry
110,2024-01-05 02:00:00,14.443688616311851,5.086606398647222,-1.7528919117958506,"Low CO2,Condensation (O2)",cherry
110,2024-01-05 03:00:00,14.42615119938344,4.678413146693223,-1.8898673446393657,"Low CO2,Condensation (O2)",cherry
110,2024-01-05 04:00:00,14.418790711718602,5.214000108586756,-1.8356146463780223,"Low CO2,Condensation (O2)",cherry
110,2024-01-05 05:00:00,14.35315720877405,4.906567528982652,-1.7892175030776554,"Low CO2,Condensation (O2)",cherry
110,2024-01-05 06:00:00,14.552639707693771,4.979215469201578,-1.574186613955762,"Low CO2,Condensation (O2)",cherry
110,2024-01-05 07:00:00,14.362746360989709,5.062311687709692,-1.8215968985736064,"Low CO2,Condensation (O2)",cherry
110,2024-01-05 08:00:00,14.193173416950165,4.908712065376259,-1.7222480253499617,"Low CO2,Condensation (O2)",cherry
110,2024-01-05 09:00:00,14.396520211400295,4.858180699941946,-1.8263282374666767,"Low CO2,Condensation (O2)",cherry
110,2024-01-05 10:00:00,14.334299727293963,5.037273140191088,-1.8484942161002704,"Low CO2,Condensation (O2)",cherry
110,2024-01-05 11:00:00,14.332273281991055,5.217146606293236,-1.7544025845437343,"Low CO2,Condensation (O2)",cherry
110,2024-01-05 12:00:00,14.10628698709116,5.107449381043642,-2.006597466820728,"Low CO2,Condensation (O2)",cherry
110,2024-01-05 13:00:00,14.475787854058169,4.987087741063922,-1.6620863422303886,"Low CO2,Condensation (O2)",cherry
110,2024-01-05 14:00:00,20.96479369634758,0.5764687856882148,-0.422586833743705,"Low CO2,Condensation (O2)",cherry
110,2024-01-05 15:00:00,20.99674694278892,0.4806684048901476,-0.8349434199730901,"Low CO2,Condensation (O2)",cherry
110,2024-01-05 16:00:00,20.89660477827785,0.5724629232796944,-0.5774493155205597,"Low CO2,Condensation (O2)",cherry
110,2024-01-05 17:00:00,20.853118901206813,0.3585210907951981,-0.6514337773737676,"Low CO2,Condensation (O2)",cherry
110,2024-01-05 18:00:00,20.75628108053383,0.5489622472272778,-0.5566425280237671,"Low CO2,Condensation (O2)",cherry
110,2024-01-05 19:00:00,20.491826096182344,0.4602521698964011,-0.611518388692313,"Low CO2,Condensation (O2)",cherry
110,2024-01-05 20:00:00,20.945144298461084,0.6419312608492498,-0.715897248722591,"Low CO2,Condensation (O2)",cherry
110,2024-01-05 21:00:00,21.00695320249532,0.326923647038864,-0.7798123413623602,"Low CO2,Condensation (O2)",cherry
110,2024-01-05 22:00:00,21.006062219181352,0.4229048070471524,-0.6352933417962977,"Low CO2,Condensation (O2)",cherry
110,2024-01-05 23:00:00,21.069312335036376,0.4573984512141927,-0.4614648567117002,"Low CO2,Condensation (O2)",cherry
110,2024-01-06 00:00:00,21.12281508784632,0.4720920800518078,-0.5787104390363977,"Low CO2,Condensation (O2)",cherry
110,2024-01-06 01:00:00,20.82623854506025,0.6362905809275717,-0.7899038355067628,"Low CO2,Condensation (O2)",cherry
110,2024-01-06 02:00:00,20.76023409147741,0.4236054104004562,-0.7162797662033208,"Low CO2,Condensation (O2)",cherry
110,2024-01-06 03:00:00,20.97407310466976,0.1733730881486403,-0.6242503570815348,"Low CO2,Condensation (O2)",cherry
110,2024-01-06 04:00:00,20.768583988635683,0.4748478508092892,-0.7378659826361798,"Low CO2,Condensation (O2)",cherry
110,2024-01-06 05:00:00,20.69721070333852,0.505757563536324,-0.6916369827354976,"Low CO2,Condensation (O2)",cherry
110,2024-01-06 06:00:00,20.50170016226097,0.1655024543165985,-0.7776727981825234,"Low CO2,Condensation (O2)",cherry
110,2024-01-06 07:00:00,20.92910567449758,0.4070696332956975,-0.6268171207415638,"Low CO2,Condensation (O2)",cherry
110,2024-01-06 08:00:00,21.10089068802881,0.1980858388882047,-0.6914593382700162,"Low CO2,Condensation (O2)",cherry
110,2024-01-06 09:00:00,20.84660553898449,0.6393455905166185,-0.5345128281128162,"Low CO2,Condensation (O2)",cherry
110,2024-01-06 10:00:00,21.028735871508573,0.6022108656920839,-0.6175687946582415,"Low CO2,Condensation (O2)",cherry
110,2024-01-06 11:00:00,20.97979959488183,0.3912223312422663,-0.7236965315159088,"Low CO2,Condensation (O2)",cherry
110,2024-01-06 12:00:00,21.05454967643976,0.4564637768492475,-0.5483159687509046,"Low CO2,Condensation (O2)",cherry
110,2024-01-06 13:00:00,20.59515962083408,0.4683838744961291,-0.6770590382996049,"Low CO2,Condensation (O2)",cherry
110,2024-01-06 14:00:00,21.164708408416164,0.6101536402240768,-0.521410630670888,"Low CO2,Condensation (O2)",cherry
110,2024-01-06 15:00:00,20.70866581494005,0.5964194231347074,-0.6983181909785255,"Low CO2,Condensation (O2)",cherry
110,2024-01-06 16:00:00,21.08513620740223,0.5806845579954816,-0.4783745959054774,"Low CO2,Condensation (O2)",cherry
110,2024-01-06 17:00:00,20.887217631966067,0.6010613581639817,-0.7263867902533929,"Low CO2,Condensation (O2)",cherry
110,2024-01-06 18:00:00,20.68251930683424,0.475654215858999,-0.6573435610374112,"Low CO2,Condensation (O2)",cherry
110,2024-01-06 19:00:00,21.11957094139101,0.4566258468192901,-0.469142802842228,"Low CO2,Condensation (O2)",cherry
110,2024-01-06 20:00:00,20.9580703188439,0.4943702762281841,-0.7426577011454449,"Low CO2,Condensation (O2)",cherry
110,2024-01-06 21:00:00,20.833700370898526,0.4012666800517851,-0.8230181413106876,"Low CO2,Condensation (O2)",cherry
110,2024-01-06 22:00:00,20.93076072838906,0.3688851907002207,-0.7351404073477377,"Low CO2,Condensation (O2)",cherry
110,2024-01-06 23:00:00,20.94448248644955,0.2517137253061502,-0.45374946108389,"Low CO2,Condensation (O2)",cherry
110,2024-01-07 00:00:00,21.05765683213731,0.6684694307576199,-0.4610697500094979,"Low CO2,Condensation (O2)",cherry
110,2024-01-07 01:00:00,20.794423818134767,0.7186422427610988,-0.6730659573645605,"Low CO2,Condensation (O2)",cherry
110,2024-01-07 02:00:00,21.06467077345842,0.3946266750441098,-0.5809941641476125,"Low CO2,Condensation (O2)",cherry
110,2024-01-07 03:00:00,20.83713973690224,0.6322908421788693,-0.7482308311366089,"Low CO2,Condensation (O2)",cherry
110,2024-01-07 04:00:00,20.697858331707017,0.7585548087078082,-0.7397677495756019,"Low CO2,Condensation (O2)",cherry
110,2024-01-07 05:00:00,20.882668544784067,0.5681414261387614,-0.4831980868574675,"Low CO2,Condensation (O2)",cherry
110,2024-01-07 06:00:00,20.85888815895036,0.3623967853084318,-1.0450977143716516,"Low CO2,Condensation (O2)",cherry
110,2024-01-07 07:00:00,21.155057130702204,0.6144488954939755,-0.6321703059987617,"Low CO2,Condensation (O2)",cherry
110,2024-01-07 08:00:00,20.759210007484068,0.7814194415412112,-0.878656235800203,"Low CO2,Condensation (O2)",cherry
110,2024-01-07 09:00:00,20.83327502331313,0.6995127094560282,-0.9211887298773002,"Low CO2,Condensation (O2)",cherry
110,2024-01-07 10:00:00,20.65303017303033,0.3750052858591108,-0.5528280305875749,"Low CO2,Condensation (O2)",cherry
110,2024-01-07 11:00:00,20.55965898271504,0.7715075607860138,-0.8266313063950416,"Low CO2,Condensation (O2)",cherry
110,2024-01-07 12:00:00,20.78355042933183,0.3008947492370301,-0.6838133330701319,"Low CO2,Condensation (O2)",cherry
110,2024-01-07 13:00:00,21.039721095709773,0.5227601319602174,-0.3984754831900204,"Low CO2,Condensation (O2)",cherry
110,2024-01-07 14:00:00,20.78304708898229,0.4885019011354889,-0.924341129212604,"Low CO2,Condensation (O2)",cherry
110,2024-01-07 15:00:00,20.87375865658199,0.7726602318472837,-1.0044077152019424,"Low CO2,Condensation (O2)",cherry
110,2024-01-07 16:00:00,20.728551168859987,0.6449200866111057,-0.6895260600456177,"Low CO2,Condensation (O2)",cherry
110,2024-01-07 17:00:00,20.678358740889514,0.6132038580861028,-0.6727437572948994,"Low CO2,Condensation (O2)",cherry
110,2024-01-07 18:00:00,20.55909858987799,0.6627539235403032,-0.6079540578468552,"Low CO2,Condensation (O2)",cherry
110,2024-01-07 19:00:00,20.832042001518527,0.4736164957290495,-0.4458634777193155,"Low CO2,Condensation (O2)",cherry
110,2024-01-07 20:00:00,21.06791205610175,0.4943677319991076,-0.531494487011335,"Low CO2,Condensation (O2)",cherry
110,2024-01-07 21:00:00,20.57419715528087,0.5980082707940109,-0.6427278155266155,"Low CO2,Condensation (O2)",cherry
110,2024-01-07 22:00:00,20.86108920704825,0.4056053982057924,-0.7581107567578771,"Low CO2,Condensation (O2)",cherry
110,2024-01-07 23:00:00,20.75966824576857,0.413369905167995,-0.5604609481251561,"Low CO2,Condensation (O2)",cherry
110,2024-01-08 00:00:00,20.82738204036576,0.4645512941754782,-0.4510494220919995,"Low CO2,Condensation (O2)",cherry
110,2024-01-08 01:00:00,21.051908019586147,0.1341307454715341,-0.6478576353161147,"Low CO2,Condensation (O2)",cherry
110,2024-01-08 02:00:00,20.96232725081167,0.5203336389495322,-0.6521246165773678,"Low CO2,Condensation (O2)",cherry
110,2024-01-08 03:00:00,20.817662102301814,0.5365795616104724,-0.9118712761523032,"Low CO2,Condensation (O2)",cherry
110,2024-01-08 04:00:00,20.88933461677249,0.6540770569924842,-0.9807417558650486,"Low CO2,Condensation (O2)",cherry
110,2024-01-08 05:00:00,20.96825833582005,0.6535451800196957,-0.9669973157133832,"Low CO2,Condensation (O2)",cherry
110,2024-01-08 06:00:00,21.04090315078648,0.5242427429474739,-0.9945374024224176,"Low CO2,Condensation (O2)",cherry
110,2024-01-08 07:00:00,20.776988262352468,0.5934749130237738,-0.6941996076731816,"Low CO2,Condensation (O2)",cherry
110,2024-01-08 08:00:00,20.5548519986133,0.4214061791164465,-0.6771530172252217,"Low CO2,Condensation (O2)",cherry
110,2024-01-08 09:00:00,20.86654983277983,0.458293585242465,-0.484724632674403,"Low CO2,Condensation (O2)",cherry
110,2024-01-08 10:00:00,20.85891764191578,0.7670358885457718,-0.8506174344530478,"Low CO2,Condensation (O2)",cherry
110,2024-01-08 11:00:00,20.75321539007981,0.5177402681708204,-0.4662672648903277,"Low CO2,Condensation (O2)",cherry
110,2024-01-08 12:00:00,20.88769871178693,0.1987604784858422,-0.5392105664635137,"Low CO2,Condensation (O2)",cherry
110,2024-01-08 13:00:00,20.738305111852583,0.6491518368397319,-0.6787806965280699,"Low CO2,Condensation (O2)",cherry
110,2024-01-08 14:00:00,20.795646112339664,0.4930174603807243,-0.8330312507494104,"Low CO2,Condensation (O2)",cherry
110,2024-01-08 15:00:00,21.12442537664174,0.6706633290704282,-0.5004165188304901,"Low CO2,Condensation (O2)",cherry
110,2024-01-08 16:00:00,20.85048573125957,0.6153051736008798,-0.7814893428793189,"Low CO2,Condensation (O2)",cherry
110,2024-01-08 17:00:00,20.704098961043503,0.7781800791293737,-0.7243491539121464,"Low CO2,Condensation (O2)",cherry
110,2024-01-08 18:00:00,20.771727633098315,0.376372829002315,-0.6931305091066621,"Low CO2,Condensation (O2)",cherry
110,2024-01-08 19:00:00,21.052286344233234,0.7088910834573519,-0.593009443354308,"Low CO2,Condensation (O2)",cherry
110,2024-01-08 20:00:00,20.955973099180486,0.8130205079603168,-0.7094966981196736,"Low CO2,Condensation (O2)",cherry
110,2024-01-08 21:00:00,20.786998905141072,0.417604785890912,-0.6678833783742018,"Low CO2,Condensation (O2)",cherry
110,2024-01-08 22:00:00,20.81402665334081,0.3677366895402041,-0.5606388583082437,"Low CO2,Condensation (O2)",cherry
110,2024-01-08 23:00:00,21.10276293813037,0.4404795423337434,-0.5748089087443513,"Low CO2,Condensation (O2)",cherry
110,2024-01-09 00:00:00,21.002642620255035,0.5009630771891966,-0.8471992275452982,"Low CO2,Condensation (O2)",cherry
110,2024-01-09 01:00:00,21.05319988873064,0.7763140104185591,-0.8160529048946598,"Low CO2,Condensation (O2)",cherry
110,2024-01-09 02:00:00,20.757744241433187,0.3057997653401521,-0.6112219544035775,"Low CO2,Condensation (O2)",cherry
110,2024-01-09 03:00:00,20.93532668981892,0.7201270115002172,-0.8410700069565069,"Low CO2,Condensation (O2)",cherry
110,2024-01-09 04:00:00,20.911114963405705,0.4229704089739305,-0.7898970664890995,"Low CO2,Condensation (O2)",cherry
110,2024-01-09 05:00:00,21.091467676237368,0.3843400641412432,-0.588916104683731,"Low CO2,Condensation (O2)",cherry
110,2024-01-09 06:00:00,20.91919521865997,0.6682711876221754,-0.8802449845987157,"Low CO2,Condensation (O2)",cherry
110,2024-01-09 07:00:00,21.152144377315235,0.4668643927053569,-0.9199032451259536,"Low CO2,Condensation (O2)",cherry
110,2024-01-09 08:00:00,20.86421794476896,0.4790051576407471,-0.3462789192715512,"Low CO2,Condensation (O2)",cherry
110,2024-01-09 09:00:00,20.80224626083848,0.4492735822559821,-0.6845850085402069,"Low CO2,Condensation (O2)",cherry
110,2024-01-09 10:00:00,20.718630934888072,0.6610324068316369,-0.9479473251834792,"Low CO2,Condensation (O2)",cherry
110,2024-01-09 11:00:00,20.73221223869228,0.5944776762184342,-1.0072471739059483,"Low CO2,Condensation (O2)",cherry
110,2024-01-09 12:00:00,21.118670159045603,0.6676621092213325,-0.7176540855407111,"Low CO2,Condensation (O2)",cherry
110,2024-01-09 13:00:00,20.84058575335979,0.4533456977698676,-0.8955265692888602,"Low CO2,Condensation (O2)",cherry
110,2024-01-09 14:00:00,20.864130874809607,0.3511176837689594,-0.7710091417294682,"Low CO2,Condensation (O2)",cherry
110,2024-01-09 15:00:00,19.61573491328331,1.8262575772347016,1.544574733537888,"Low CO2,Condensation (O2)",cherry
110,2024-01-09 16:00:00,18.65162112537268,2.7080806310215984,0.7105931131008532,"Low CO2,Condensation (O2)",cherry
110,2024-01-09 17:00:00,17.674333788528966,2.987206078071932,0.0466734740591663,"Low CO2,Condensation (O2)",cherry
110,2024-01-09 18:00:00,16.642513445943877,3.903150105860509,0.8560969159081743,"Low CO2,Condensation (O2)",cherry
110,2024-01-09 19:00:00,16.130760850161366,4.675330419531937,0.0165351552313301,"Low CO2,Condensation (O2)",cherry
110,2024-01-09 20:00:00,15.496099283850578,5.003078626713918,-0.2582130750676202,"Low CO2,Condensation (O2)",cherry
110,2024-01-09 21:00:00,15.13819382767718,5.659072702701068,-0.1685168313433875,"Low CO2,Condensation (O2)",cherry
110,2024-01-09 22:00:00,14.66104561568516,6.3593367509847765,-0.6879888155713222,"Low CO2,Condensation (O2)",cherry
110,2024-01-09 23:00:00,14.048484449524697,6.605216613988862,-0.5353664428373986,"Low CO2,Condensation (O2)",cherry
110,2024-01-10 00:00:00,13.669234032811048,6.927180507482569,-0.904625250539458,"Normal,High CO2",cherry
110,2024-01-10 01:00:00,13.29922139924388,7.480511096022388,-0.6018822711918835,"Normal,High CO2",cherry
110,2024-01-10 02:00:00,13.158939949811968,7.926345837938358,-0.2363904163373389,"Normal,High CO2",cherry
110,2024-01-10 03:00:00,12.527018730025429,8.193673196020132,-0.9451759724941,"Normal,High CO2",cherry
110,2024-01-10 04:00:00,12.312005562885576,8.215598914177319,-0.6522882482024677,"Normal,High CO2",cherry
110,2024-01-10 05:00:00,11.678963129043693,8.546474679143994,-1.350190898119877,"Normal,High CO2",cherry
110,2024-01-10 06:00:00,11.346733743155282,9.297605690752832,-1.015941971585266,"Normal,High CO2",cherry
110,2024-01-10 07:00:00,11.009593546311928,9.458021360573223,-1.265745573181874,"Normal,High CO2",cherry
110,2024-01-10 08:00:00,10.82447812134862,9.740777352116917,-1.4102670685668188,"Normal,High CO2",cherry
110,2024-01-10 09:00:00,10.538953534115304,10.244729279349029,-1.251818550037386,"Normal,High CO2",cherry
110,2024-01-10 10:00:00,10.495519746420388,10.219254377114773,-0.606997440090263,"Normal,High CO2",cherry
110,2024-01-10 11:00:00,10.369635013305304,10.531386204348085,-1.3020702747197397,"Normal,High CO2",cherry
110,2024-01-10 12:00:00,9.734717093172428,11.109440077168411,-1.3442006792325936,"Normal,High CO2",cherry
110,2024-01-10 13:00:00,9.661691790815368,10.988476869397193,-1.3869641385795006,"Normal,High CO2",cherry
110,2024-01-10 14:00:00,9.719000543982595,11.24271487850136,-1.8316720681194325,"Normal,High CO2",cherry
110,2024-01-10 15:00:00,9.68932153943756,11.863586228597722,-1.6837297115802874,"Normal,High CO2",cherry
110,2024-01-10 16:00:00,9.23942828242106,12.001687136840063,-1.7153773832326318,"Normal,High CO2",cherry
110,2024-01-10 17:00:00,8.716422620270794,12.078267117502463,-1.7551947053161834,"Normal,High CO2",cherry
110,2024-01-10 18:00:00,8.695389106742548,12.166770917100214,-1.0574269651915982,"Normal,High CO2",cherry
110,2024-01-10 19:00:00,8.681390640990278,12.401713128356478,-1.695842539554005,"Normal,High CO2",cherry
110,2024-01-10 20:00:00,8.759173561577262,12.792078128992662,-1.8480440483460168,"Normal,High CO2",cherry
110,2024-01-10 21:00:00,8.293895601199123,13.409444709699123,-1.738865175307523,"Normal,High CO2",cherry
110,2024-01-10 22:00:00,8.570869468016399,13.243447805357707,-1.9130576205008003,"Normal,High CO2",cherry
110,2024-01-10 23:00:00,8.142980111770347,13.389009413766251,-1.6462323512720594,"Normal,High CO2",cherry
110,2024-01-11 00:00:00,8.138637063915658,13.563404557694753,-1.5945965524480754,"Normal,High CO2",cherry
110,2024-01-11 01:00:00,7.925666701795544,13.945319547585626,-1.6061334855538418,"Normal,High CO2",cherry
110,2024-01-11 02:00:00,7.775375017686448,14.095124520078516,-1.4178873214738372,"Normal,High CO2",cherry
110,2024-01-11 03:00:00,7.811374855930595,14.339001292415244,-1.551429939355229,"Normal,High CO2",cherry
110,2024-01-11 04:00:00,7.50643337991524,14.337383723267614,-1.7886558964154626,"Normal,High CO2",cherry
110,2024-01-11 05:00:00,7.537314169452184,14.765050756421353,-1.7156112458274615,"Normal,High CO2",cherry
110,2024-01-11 06:00:00,7.248907215455792,14.804562469859864,-1.8584536162190888,"Normal,High CO2",cherry
110,2024-01-11 07:00:00,7.198857412985645,14.766942569346746,-2.0374745536516348,"Normal,High CO2",cherry
110,2024-01-11 08:00:00,7.243342648887637,15.20002705986134,-1.8964557293097128,"Normal,High CO2",cherry
110,2024-01-11 09:00:00,7.056464779809212,15.20282697248988,-1.9270937328639948,"Normal,High CO2",cherry
110,2024-01-11 10:00:00,7.294261838115044,15.373994064978657,-1.4757088718193727,"Normal,High CO2",cherry
110,2024-01-11 11:00:00,7.082846006160481,15.29228303494217,-1.5026107847441832,"Normal,High CO2",cherry
110,2024-01-11 12:00:00,6.84309524742507,15.536329543727154,-1.749142746720947,"Normal,High CO2",cherry
110,2024-01-11 13:00:00,7.028190743740206,15.869066353979033,-1.6241858012274617,"Normal,High CO2",cherry
110,2024-01-11 14:00:00,7.240405711838077,15.384088956163378,-2.024774319517968,"Normal,High CO2",cherry
110,2024-01-11 15:00:00,7.11073762724593,15.869440744873508,-1.8069925515950376,"Normal,High CO2",cherry
110,2024-01-11 16:00:00,7.0952875479290345,15.759235170460508,-1.726611274261147,"Normal,High CO2",cherry
110,2024-01-11 17:00:00,6.745987774653824,15.843432744356178,-1.8308250555390213,"Normal,High CO2",cherry
110,2024-01-11 18:00:00,6.941316476362079,15.778389042474265,-1.3511868939267215,"Normal,High CO2",cherry
110,2024-01-11 19:00:00,6.761016200710955,16.15215779690467,-1.710321809694863,"Normal,High CO2",cherry
110,2024-01-11 20:00:00,6.951472196085281,16.115412152771974,-1.8019692779307832,"Normal,High CO2",cherry
110,2024-01-11 21:00:00,6.912826992795575,16.394650246419687,-1.933317929435668,"Normal,High CO2",cherry
110,2024-01-11 22:00:00,6.798512058052873,16.756811683982665,-1.7219261727682371,"Normal,High CO2",cherry
110,2024-01-11 23:00:00,6.6943586001996005,16.461899580054816,-1.85367807501038,"Normal,High CO2",cherry
110,2024-01-12 00:00:00,6.83544692389032,16.601088714270087,-2.204042926310948,"Normal,High CO2",cherry
110,2024-01-12 01:00:00,7.059843676745576,16.443164164348456,-1.869489867862672,"Normal,High CO2",cherry
110,2024-01-12 02:00:00,6.425846246778965,16.829161503075408,-1.7884051133552024,"Normal,High CO2",cherry
110,2024-01-12 03:00:00,6.714337749806387,16.93390080899293,-1.891769733273996,"Normal,High CO2",cherry
110,2024-01-12 04:00:00,6.478281431583264,17.10273851017117,-2.1024695460970664,"Normal,High CO2",cherry
110,2024-01-12 05:00:00,6.762683536421747,16.84399254184077,-1.9640870271614244,"Normal,High CO2",cherry
110,2024-01-12 06:00:00,6.448388868112924,17.018473196674158,-1.9889746302008304,"Normal,High CO2",cherry
110,2024-01-12 07:00:00,6.856840415860345,17.130052385700097,-2.057832987413018,"Normal,High CO2",cherry
110,2024-01-12 08:00:00,6.433527213093072,17.04960722093258,-2.0468125789296,"Normal,High CO2",cherry
110,2024-01-12 09:00:00,6.821567148221947,17.607262643274115,-1.8859077118773728,"Normal,High CO2",cherry
110,2024-01-12 10:00:00,6.611439793131055,17.052991751272103,-1.3603986536376007,"Normal,High CO2",cherry
110,2024-01-12 11:00:00,6.675191977055865,17.261259637425685,-1.6880854255059872,"Normal,High CO2",cherry
110,2024-01-12 12:00:00,6.603424506810766,17.585119653853,-1.7688258732534266,"Normal,High CO2",cherry
110,2024-01-12 13:00:00,6.597158634388415,17.46505303785894,-1.782379417048528,"Normal,High CO2",cherry
110,2024-01-12 14:00:00,6.525907203326588,17.4848034141856,-1.8641037227492288,"Normal,High CO2",cherry
110,2024-01-12 15:00:00,6.585042836982141,17.420009873079948,-1.9887620859589388,"Normal,High CO2",cherry
110,2024-01-12 16:00:00,6.7456978375339895,17.583002253674753,-1.7952704192871023,"Normal,High CO2",cherry
110,2024-01-12 17:00:00,6.592862451126017,17.48811954187669,-1.7488863711921705,"Normal,High CO2",cherry
110,2024-01-12 18:00:00,6.800656018494285,17.041246857960697,-0.6693474354537112,"Normal,High CO2",cherry
110,2024-01-12 19:00:00,6.570695888012639,17.30323168552807,-1.4701967364109356,"Normal,High CO2",cherry
110,2024-01-12 20:00:00,7.013218515502917,17.535245624605224,-1.7386421305008943,"Normal,High CO2",cherry
110,2024-01-12 21:00:00,6.516786889208092,17.509377834036105,-1.7491121069601507,"Normal,High CO2",cherry
110,2024-01-12 22:00:00,6.982799104579989,17.7413771655807,-1.880708601955948,"Normal,High CO2",cherry
110,2024-01-12 23:00:00,6.798609335886682,17.755123045504718,-1.6814218439030513,"Normal,High CO2",cherry
110,2024-01-13 00:00:00,6.642606880897846,17.765716886546585,-1.759156674418359,"Normal,High CO2",cherry
110,2024-01-13 01:00:00,6.905819575455405,17.372950609451976,-1.61861735034522,"Normal,High CO2",cherry
110,2024-01-13 02:00:00,6.779105768348608,17.361898805606817,-1.9657052335051703,"Normal,High CO2",cherry
110,2024-01-13 03:00:00,6.638712992570788,17.421900155762334,-1.981926735536619,"Normal,High CO2",cherry
110,2024-01-13 04:00:00,6.8390307946068125,17.867644304543912,-2.1623375984525888,"Normal,High CO2",cherry
110,2024-01-13 05:00:00,6.888494169129014,17.334741312679373,-1.7020135838303871,"Normal,High CO2",cherry
110,2024-01-13 06:00:00,7.036853581388188,17.971336909668086,-2.2728529159925457,"Normal,High CO2",cherry
110,2024-01-13 07:00:00,6.797376829067853,17.824212205607136,-1.848403677846666,"Normal,High CO2",cherry
110,2024-01-13 08:00:00,7.0114471821752415,17.936932336687686,-1.747815704509702,"Normal,High CO2",cherry
110,2024-01-13 09:00:00,7.051435548072537,17.746537336832123,-1.8480884017609875,"Normal,High CO2",cherry
110,2024-01-13 10:00:00,7.080486227422115,17.488037560510914,-1.5059335099526745,"Normal,High CO2",cherry
110,2024-01-13 11:00:00,7.231318202812488,17.464063212282255,-1.667716723019568,"Normal,High CO2",cherry
110,2024-01-13 12:00:00,6.703191513588132,17.491501702918217,-1.8067665173892933,"Normal,High CO2",cherry
110,2024-01-13 13:00:00,7.140257957816023,17.703447105965793,-1.9235539037742189,"Normal,High CO2",cherry
110,2024-01-13 14:00:00,7.113263868608589,17.57634767603732,-2.0498231362720767,"Normal,High CO2",cherry
110,2024-01-13 15:00:00,6.870567034242585,17.901302771924126,-1.7225230614379066,"Normal,High CO2",cherry
110,2024-01-13 16:00:00,6.936582918895565,17.768716012208344,-1.5289835081572043,"Normal,High CO2",cherry
110,2024-01-13 17:00:00,7.119214182755776,17.90395792072063,-1.9940683334360327,"Normal,High CO2",cherry
110,2024-01-13 18:00:00,6.781618030143004,17.246399808772306,-1.7164434799052055,"Normal,High CO2",cherry
110,2024-01-13 19:00:00,7.123831762077354,17.70592887189675,-1.4568144676623138,"Normal,High CO2",cherry
110,2024-01-13 20:00:00,7.227386163453035,17.877482625917462,-1.7499726981380763,"Normal,High CO2",cherry
110,2024-01-13 21:00:00,6.9995188615568535,17.623108206674786,-2.0103783125083567,"Normal,High CO2",cherry
110,2024-01-13 22:00:00,6.996180344018269,17.794610019881862,-1.7339052424252617,"Normal,High CO2",cherry
110,2024-01-13 23:00:00,7.079956270488168,17.643922903331305,-1.880478981040073,"Normal,High CO2",cherry
